영화제목,영화 링크
철인왕후,https://www.tving.com/vod/player/E003492293
경이로운 소문,https://www.tving.com/vod/player/E003492138
산후조리원,https://www.tving.com/vod/player/E003367250
삼가야군심: 계약결혼로맨스,https://www.tving.com/vod/player/E003498141
응답하라 1988,https://www.tving.com/vod/player/E000971617
슬기로운 감빵생활,https://www.tving.com/vod/player/E001316300
유령을 잡아라,https://www.tving.com/vod/player/E002831616
응답하라 1994,https://www.tving.com/vod/player/E000568449
응답하라 1997,https://www.tving.com/vod/player/E000302371
부암동 복수자들,https://www.tving.com/vod/player/E001261415
고교처세왕,https://www.tving.com/vod/player/E000673004
으라차차 와이키키 2,https://www.tving.com/vod/player/E002317776
쌍갑포차,https://www.tving.com/vod/player/E003111538
쌉니다 천리마마트,https://www.tving.com/vod/player/E002816230
싸이코패스 다이어리,https://www.tving.com/vod/player/E002896340
막돼먹은 영애씨 시즌12,https://www.tving.com/vod/player/E000546558
막돼먹은 영애씨 시즌16,https://www.tving.com/vod/player/E001325164
신분을 숨겨라,https://www.tving.com/vod/player/E000852326
막돼먹은 영애씨 시즌7,https://www.tving.com/vod/player/E000032135
막돼먹은 영애씨 시즌6,https://www.tving.com/vod/player/E000032114
인생이 즐거워지는 행복의 법칙,https://www.tving.com/vod/player/E003495416
막돼먹은 영애씨 시즌9,https://www.tving.com/vod/player/E000176051
막돼먹은 영애씨 시즌13,https://www.tving.com/vod/player/E000651311
감자별2013QR3,https://www.tving.com/vod/player/E000625883
망각의 사치코 2020SP,https://www.tving.com/vod/player/E003484225
그녀는 거짓말을 너무 사랑해,https://www.tving.com/vod/player/E001200093
막돼먹은 영애씨 시즌3,https://www.tving.com/vod/player/E000059105
막돼먹은 영애씨 시즌17,https://www.tving.com/vod/player/E002274901
식샤를 합시다 3,https://www.tving.com/vod/player/E001731369
막돼먹은 영애씨 시즌5,https://www.tving.com/vod/player/E000032167
막돼먹은 영애씨 시즌15,https://www.tving.com/vod/player/E001160411
혼술남녀,https://www.tving.com/vod/player/E001138310
의비난수,https://www.tving.com/vod/player/E003252127
막돼먹은 영애씨 시즌11,https://www.tving.com/vod/player/E000417497
막돼먹은 영애씨 시즌4,https://www.tving.com/vod/player/E000059345
막돼먹은 영애씨 시즌8,https://www.tving.com/vod/player/E000055164
막돼먹은 영애씨 시즌14,https://www.tving.com/vod/player/E000895333
막돼먹은 영애씨 시즌1,https://www.tving.com/vod/player/E000042042
막돼먹은 영애씨 시즌2,https://www.tving.com/vod/player/E000042154
망각의 사치코 SP,https://www.tving.com/vod/player/E003483833
맨투맨,https://www.tving.com/vod/player/E001209590
싸우자 귀신아,https://www.tving.com/vod/player/E001121284
맛있는 급식,https://www.tving.com/vod/player/E003498248
막돼먹은 영애씨 시즌10,https://www.tving.com/vod/player/E000237861
소년강호물어 : 강호 소년 이야기,https://www.tving.com/vod/player/E003494356
운명에서 시작되는 사랑 -You are my Destiny-,https://www.tving.com/vod/player/E003488646
의비난수3,https://www.tving.com/vod/player/E003301117
쌍세총비2,https://www.tving.com/vod/player/E003053700
고독한 미식가,https://www.tving.com/vod/player/E000644304
도쿄 타라레바 아가씨 2020,https://www.tving.com/vod/player/E003317917
쌍세총비,https://www.tving.com/vod/player/E003032708
영거 시즌2,https://www.tving.com/vod/player/E003230549
식샤를 합시다,https://www.tving.com/vod/player/E000593227
푸른거탑 리턴즈,https://www.tving.com/vod/player/E000590513
망각의 사치코,https://www.tving.com/vod/player/E003484224
맹의첨처,https://www.tving.com/vod/player/E003102078
모두의 연애,https://www.tving.com/vod/player/E001325951
호구의 사랑,https://www.tving.com/vod/player/E000776881
아홉수 소년,https://www.tving.com/vod/player/E000704266
미란다 시즌3,https://www.tving.com/vod/player/E003259324
일천령일야,https://www.tving.com/vod/player/E003111512
미란다,https://www.tving.com/vod/player/E003259322
영거,https://www.tving.com/vod/player/E003230536
식샤를 합시다 2,https://www.tving.com/vod/player/E000812968
영거 시즌3,https://www.tving.com/vod/player/E003230560
선암여고 탐정단,https://www.tving.com/vod/player/E003021630
체인지 디바,https://www.tving.com/vod/player/E003022549
놓지마 정신줄,https://www.tving.com/vod/player/E003233186
리갈하이,https://www.tving.com/vod/player/E003370325
미란다 시즌2,https://www.tving.com/vod/player/E003259228
영거 시즌6,https://www.tving.com/vod/player/E003231346
호쿠사이와 밥만 있으면,https://www.tving.com/vod/player/E003453724
체인지 디바 시즌3,https://www.tving.com/vod/player/E003022553
꽃할배 수사대,https://www.tving.com/vod/player/E000647808
우리가 사랑할 수 있을까,https://www.tving.com/vod/player/E000595084
스웨덴 세탁소,https://www.tving.com/vod/player/E002211518
원래시미남,https://www.tving.com/vod/player/E003377226
리갈하이 스페셜편,https://www.tving.com/vod/player/E003370328
영거 시즌5,https://www.tving.com/vod/player/E003231336
청담동 살아요,https://www.tving.com/vod/player/E003123622
마담 앙트완,https://www.tving.com/vod/player/E003047232
체인지 디바 시즌4,https://www.tving.com/vod/player/E003022551
욱씨남정기,https://www.tving.com/vod/player/E002905527
리갈하이,https://www.tving.com/vod/player/E002226094
빅 포레스트,https://www.tving.com/vod/player/E001894304
도쿄 타라레바 아가씨,https://www.tving.com/vod/player/E001870122
또오해영 또요일의 기록,https://www.tving.com/vod/player/E001096869
리갈하이 시즌2 스페셜편,https://www.tving.com/vod/player/E003370340
리갈하이 시즌2,https://www.tving.com/vod/player/E003370335
괴짜가족,https://www.tving.com/vod/player/E003295859
속녀양성기 : 나의 행복 프로젝트,https://www.tving.com/vod/player/E003170732
푸른거탑 제로,https://www.tving.com/vod/player/E001848524
언리얼,https://www.tving.com/vod/player/E001665924
안투라지,https://www.tving.com/vod/player/E001156861
구여친클럽,https://www.tving.com/vod/player/E000817362
그래서 저는 픽했습니다,https://www.tving.com/vod/player/E003485621
야식남녀,https://www.tving.com/vod/player/E003117771
행복의 진수,https://www.tving.com/vod/player/E003069930
해피엔딩,https://www.tving.com/vod/player/E003051475
황금거탑,https://www.tving.com/vod/player/E003030218
체인지 디바 시즌6,https://www.tving.com/vod/player/E003022415
체인지 디바 시즌5,https://www.tving.com/vod/player/E003022414
슈퍼대디 열,https://www.tving.com/vod/player/E000793285
변혁의 사랑,https://www.tving.com/vod/player/E001267447
영거 시즌4,https://www.tving.com/vod/player/E003231323
체인지 디바 시즌2,https://www.tving.com/vod/player/E003022552
응답하라 1997 완전정복,https://www.tving.com/vod/player/E001112874
초인시대,https://www.tving.com/vod/player/E000805780
언리얼 시즌3,https://www.tving.com/vod/player/E001666034
웰컴 투 스웨덴 시즌 2,https://www.tving.com/vod/player/E002539425
빙상의 신,https://www.tving.com/vod/player/E002537070
웹툰히어로 툰드라쇼,https://www.tving.com/vod/player/E002197021
아담의 팩트폭격,https://www.tving.com/vod/player/E001247900
웰컴 투 스웨덴,https://www.tving.com/vod/player/E002537074
힙한 선생,https://www.tving.com/vod/player/E001247293
파라다이스 목장,https://www.tving.com/vod/player/E003213629
언리얼 시즌2,https://www.tving.com/vod/player/E001666027
아담의 팩트폭격 시즌2,https://www.tving.com/vod/player/E001318017
결혼의 꼼수,https://www.tving.com/vod/player/E001183819
매니,https://www.tving.com/vod/player/E000071755
언리얼 시즌4,https://www.tving.com/vod/player/E002646219
